"nombre","marca","categoria","precio","descripcion","talles","colores","stock","tags","destacado","imagenes"
"47 Street Azul","47 Street","","","","","","","","no","img001.jpg;img002.jpg"
"47 Street Black","47 Street","","","","","","","","no","img003.jpg;img004.jpg"
"Adidas Adi2000","Adidas","","","","","","","","no","img005.jpg;img006.jpg"
"Adidas Campus Gris","Adidas","","","","","","","","no","img007.jpg;img008.jpg"
"Adidas Campus Rojo","Adidas","","","","","","","","no","img009.jpg;img010.jpg"
"Adidas Campus Verde","Adidas","","","","","","","","no","img011.jpg;img012.jpg"
"Botines Adidas Pure Blanco","Adidas","","","","","","","","no","img013.jpg;img014.jpg"
"Botines Nike Total 90","Nike","","","","","","","","no","img015.jpg;img016.jpg"
"Jordan 1 Dark Mocha","Jordan","","","","","","","","no","img017.jpg;img018.jpg"
"Jordan Retro 4 Royalty","Jordan","","","","","","","","no","img019.jpg;img020.jpg"
"Louis Vuitton Eclipse","Louis Vuitton","","","","","","","","no","img021.jpg;img022.jpg"
"Louis Vuitton Time Out","Louis Vuitton","","","","","","","","no","img023.jpg;img024.jpg"
"New Balance Trico","New Balance","","","","","","","","no","img025.jpg;img026.jpg"
"Nike Air Botita Beige","Nike","","","","","","","","no","img027.jpg;img028.jpg"
"Nike Air Force 1 Luxe","Nike","","","","","","","","no","img029.jpg;img030.jpg"
"Nike Air Force 1 Mid Blancas Botitas","Nike","","","","","","","","no","img031.jpg;img032.jpg"
"Nike Air Force 1","Nike","","","","","","","","no","img033.jpg;img034.jpg"
"Nike Air Force White","Nike","","","","","","","","no","img035.jpg;img036.jpg"
"Nike Air Force 1 Low Travis","Nike","","","","","","","","no","img037.jpg;img038.jpg"
"Nike Air Max Dn Gris","Nike","","","","","","","","no","img039.jpg;img040.jpg"
"Nike Air Max Dn Azul","Nike","","","","","","","","no","img041.jpg;img042.jpg"
"Nike Air Max Dn8 Hyper Rosa","Nike","","","","","","","","no","img043.jpg;img044.jpg"
"Nike Air Max Furyosas","Nike","","","","","","","","no","img045.jpg;img046.jpg"
"Nike Air Max Scorpion Blanco","Nike","","","","","","","","no","img047.jpg;img048.jpg"
"Nike Air Max Scorpion Gris","Nike","","","","","","","","no","img049.jpg;img050.jpg"
"Nike Air Max TN Plus","Nike","","","","","","","","no","img051.jpg;img052.jpg"
"Nike Air More Uptempo","Nike","","","","","","","","no","img053.jpg;img054.jpg"
"Nike Botitas Suketo","Nike","","","","","","","","no","img055.jpg;img056.jpg"
"Nike Cortez","Nike","","","","","","","","no","img057.jpg;img058.jpg"
"Nike Cortez Blancas","Nike","","","","","","","","no","img059.jpg;img060.jpg"
"Nike Hot Step Nocta","Nike","","","","","","","","no","img061.jpg;img062.jpg"
"Nike Jordan Botitas","Jordan","","","","","","","","no","img063.jpg;img064.jpg"
"Nike Jordan Legacy 312 Azul","Jordan","","","","","","","","no","img065.jpg;img066.jpg"
"Nike Jordan Legacy 312 Rojas","Jordan","","","","","","","","no","img067.jpg;img068.jpg"
"Nike Jordan Six","Jordan","","","","","","","","no","img069.jpg;img070.jpg"
"Nike SB Dunk Low","Nike","","","","","","","","no","img071.jpg;img072.jpg"
"Nike Travis Scott","Nike","","","","","","","","no","img073.jpg;img074.jpg"
"Nike Vapor Max 360","Nike","","","","","","","","no","img075.jpg;img076.jpg"
"Nike x Drake Nocta","Nike","","","","","","","","no","img077.jpg;img078.jpg"
"Nike Zoom SuperRep","Nike","","","","","","","","no","img079.jpg;img080.jpg"
"Nike Zoom Vaporfly","Nike","","","","","","","","no","img081.jpg;img082.jpg"
"Nike Cortez Rojo","Nike","","","","","","","","no","img083.jpg;img084.jpg"
"Puma Mayze","Puma","","","","","","","","no","img085.jpg;img086.jpg"
"Vans Skool","Vans","","","","","","","","no","img087.jpg;img088.jpg"
"Zapatillas de Última 1","Nike","","","","","","","","no","img089.jpg;img090.jpg"
"Zapatillas de Última 2","Nike","","","","","","","","no","img091.jpg;img092.jpg"
"Zapatillas de Última 3","Nike","","","","","","","","no","img093.jpg;img094.jpg"
"Zapatillas de Última 4","Nike","","","","","","","","no","img095.jpg;img096.jpg"
"Zapatillas de Última 5","Jordan","","","","","","","","no","img097.jpg;img098.jpg"
"Zapatillas de Última 6","Nike","","","","","","","","no","img099.jpg;img100.jpg"
"Zapatillas de Última 7","Nike","","","","","","","","no","img101.jpg;img102.jpg"
"Zapatillas de Última 8","Nike","","","","","","","","no","img103.jpg;img104.jpg"
"Zapatillas de Última 9","Jordan","","","","","","","","no","img105.jpg;img106.jpg"
"Zapatillas de Última 10","Nike","","","","","","","","no","img107.jpg;img108.jpg"
"Zapatillas de Última 11","Jordan","","","","","","","","no","img109.jpg;img110.jpg"
"Zapatillas de Última 12","Nike","","","","","","","","no","img111.jpg;img112.jpg"
"Zapatillas de Última 13","Nike","","","","","","","","no","img113.jpg;img114.jpg"
"Zapatillas de Última 14","Nike","","","","","","","","no","img115.jpg;img116.jpg"
"Zapatillas de Última 15","Nike","","","","","","","","no","img117.jpg;img118.jpg"
"Zapatillas de Última 16","Adidas","","","","","","","","no","img119.jpg;img120.jpg"
"Zapatillas de Última 17","Nike","","","","","","","","no","img121.jpg;img122.jpg"
"Zapatillas de Última 18","New Balance","","","","","","","","no","img123.jpg;img124.jpg"
"Zapatillas de Última 19","Nike","","","","","","","","no","img125.jpg;img126.jpg"
"Zapatillas de Última 20","Nike","","","","","","","","no","img127.jpg;img128.jpg"
"Zapatillas de Última 21","Nike","","","","","","","","no","img129.jpg;img130.jpg"
"Zapatillas de Última 22","Nike","","","","","","","","no","img131.jpg;img132.jpg"
"Zapatillas de Última 23","Nike","","","","","","","","no","img133.jpg;img134.jpg"
"Zapatillas de Última 24","Nike","","","","","","","","no","img135.jpg;img136.jpg"
"Zapatillas de Última 25","Nike","","","","","","","","no","img137.jpg;img138.jpg"
"Zapatillas de Última 26","Nike","","","","","","","","no","img139.jpg;img140.jpg"
"Zapatillas de Última 27","Nike","","","","","","","","no","img141.jpg;img142.jpg"
"Zapatillas de Última 28","Nike","","","","","","","","no","img143.jpg;img144.jpg"